,Total PRs,Total reviews,Total files,Analysis time,Description,Interactions
Total PRs,1.0,0.25569878349827674,0.4384494616871746,-0.29812070681905534,1.0,0.12197504635457701
Total reviews,0.25569878349827674,1.0,0.1623074627553625,-0.0031354799990800913,0.25569878349827674,0.06859019293725582
Total files,0.4384494616871746,0.1623074627553625,1.0,-0.1359026579548193,0.4384494616871746,0.32270174349358255
Analysis time,-0.29812070681905534,-0.0031354799990800913,-0.1359026579548193,1.0,-0.29812070681905534,0.09320184416475799
Description,1.0,0.25569878349827674,0.4384494616871746,-0.29812070681905534,1.0,0.12197504635457701
Interactions,0.12197504635457701,0.06859019293725582,0.32270174349358255,0.09320184416475799,0.12197504635457701,1.0
